Image,Ratings,Price,Description
images/81soN3bwVFL._AC_SX679_.jpg,4.6,"$393
74","Great for gaming, this ultra-wide QHD (3440 x 1440, 21:9 aspect ratio) curved monitor immerses you in the action and increases your field of view, allowing you to see more on-screen
A high native 160Hz refresh rate with 1-millisecond Motion Blur Reduction (MBR) keeps you firmly in the action while reducing blur and ghosting, helping you to respond to opponents quickly
With HDR10 support and color performance with 99% coverage of the sRGB spectrum, you'll see the game as the developers intend, with accurate and vivid color
AMD FreeSync Premium manages refresh rate, reducing screen tearing, flicker, and stuttering for an effortlessly smooth gaming experience with supported video cards such as the AMD Radeon series
Dynamic Action Sync helps reduce input lag to help you respond to on-screen action quickly. Black Stabilizer dynamically brightens dark scenes to help you find enemies in the dark. Enhance your accuracy in firefights with the Crosshair feature"
images/91K9SyGiyzL._AC_SX679_.jpg,4.7,"$109
99","23.8"" Full HD IPS widescreen with 1920 x 1080 resolution
Response time: 4ms, refresh rate: 60 hertz, pixel pitch: 0.2745 millimeter. 178 degree wide viewing angle, display colors: 16.7 million
The zero frame design provides maximum visibility of the screen from edge to edge
Signal inputs: 1 x HDMI, 1 x DVI (withHDCP) & 1 x VGA. Does not support HDCP 2.2, the version this monitor supports is HDCP 1.4
No picture visible using the OSD menu, adjust brightness and contrast to maximum or reset to their default settings. Brightness is 250 nit. Operating power consumption: 25 watts
Monitor only, without speaker"
images/61Sz-1cB+PL._AC_SX679_.jpg,4.5,"$697
95","UNMATCHED IMMERSION: Get your head in the game with Odyssey’s 1000R panel, which matches the curvature of the human eye for maximum immersion and minimal eye strain
WQHD RESOLUTION: Make your gaming world, more lifelike than ever before. Packing in 1. 7 times the pixel density of Full HD, WQHD resolution boasts incredibly detailed, pin-sharp images. Experience a fuller view with more space to take in all the action
NVIDIA G-SYNC & FREESYNC: Dropping frames means dropping chances to put your enemy in the dirt. With G-SYNC and FreeSync Premium Pro support, Odyssey matches every frame from your graphics card, so you’re never caught short from moment to moment
RAPID 240hz REFRESH RATE: Topping leaderboards never looked or felt so smooth. With Odyssey’s rapid 240hz refresh rate, you have up to four times as many frames displayed on screen every second compared to a traditional screen
RAPID 240hz REFRESH RATE: Topping leaderboards never looked or felt so smooth. With Odyssey’s rapid 240hz refresh rate, you have up to four times as many frames displayed on screen every second compared to a traditional screen
Power Consumption (DPMS): ≤0.5 W"
images/81kVFBp13RL._AC_SX679_.jpg,4.5,"$394
33","With VESA DisplayHDR 400 high dynamic range compatibility, this monitor brings work and virtual worlds to life, backed by 400 nits of brightness, elevating textures, elements, character movements, and natural light and shadow
With 99% coverage of the sRGB spectrum, this monitor is a great solution for photographers, graphic designers, or anyone looking for highly accurate color
With supported video cards such as the AMD Radeon series, AMD FreeSync manages refresh rate, reducing screen tearing, flicker, and stuttering for an effortlessly smooth gaming experience
Transform standard content into HDR-quality video right on the screen. Using a picture quality algorithm, tone mapping and luminance of SDR content are improved for an HDR-like experience
Customized game modes optimize your gaming conditions with two first-person-shooter (FPS) modes and a real-time strategy (RTS) mode as well. Make screen adjustments with a few clicks of your mouse with On-Screen Control*"
images/715l3fbdksL._AC_SX679_.jpg,4.6,"$379
00","32-inch QHD (2560x1440) gaming monitor with ultrafast 170Hz refresh rate designed for professional gamers and immersive gameplay
ASUS Extreme Low Motion Blur Sync (ELMB SYNC) technology enables ELMB together with G-SYNC Compatible, eliminating ghosting and tearing for sharp gaming visuals with high frame rates
Freesync Premium technology, delivering a seamless, tear-free gaming experience by enabling VRR (variable refresh rate) by default
High Dynamic Range (HDR) technology with professional color gamut delivers contrast and color performance that meets the DisplayHDR 400 certification
Supports both Adaptive-Sync with NVIDIA GeForce graphics cards and FreeSync with AMD Radeon graphics cards Compatible with NVIDIA GeForce GTX 10 series, GTX 16 series, RTX 20 series and newer graphics cards
Free 3-month Adobe Creative Cloud Subscription: Receive complimentary access with the purchase of this product (offer valid from 9/15/2021 to 8/31/2023)"
images/61DS+ZM0qGL._AC_SX466_.jpg,4.6,"$105
99","GREAT FOR HOME AND OFFICE: An ideal all-around 24 inch display for offices or remote work
SEE THE DIFFERENCE: Razor-sharp clarity and detail with Full HD (1920x1080p) resolution
LESS CABLE CLUTTER: In addition to fast data, audio and video transfer, USB Type-C also provides 15W charging over a single cable
NO IMAGE TEARING: AMD FreeSync technology enables smooth frame rates to aid you in battle
AMAZING AT ANY ANGLE: A slim bezel panel ensures stunning views no matter your vantage point
ENHANCED VIEWING COMFORT: Flicker-Free technology and Blue Light Filter for all-day comfort
FLEXIBLE CONNECTIVITY: The VA2447-MHU supports a variety of HD devices including gaming consoles, Blu-ray, laptops, PCs and digital cameras with HDMI and VGA inputs
INCLUDED IN THE BOX: LCD Monitor, Power Cable, HDMI Cable, and a Quick Start Guide"
images/71hrBloottS._AC_SX679_.jpg,4.4,,"Built-in Speakers: Perfectly suited to work & gaming settings, built-in speakers deliver robust & smooth audio while saving space on your desk.
99% sRGB Color Gamut: With 99% sRGB, this monitor offers a wider color gamut than most conventional monitors, giving deeper colors and defining features.
IPS Panel: The IPS (In-Plane Switching) panel cannot be beat when it comes to consistently delivering top color performance & sharp visibility from multiple viewing angles.
up to 75Hz Refresh Rate: With 75Hz refresh rate, images change faster and smoother than the standard, reducing screen tearing
Multiple Ports: Two HDMI ports and one DisplayPort provide up to 75HZ refresh rate, refining picture clarity in all action-packed gaming sequences and graphic design projects. Audio In and a Headphone Jack provide diverse audio options.
Edgeless Design: Edgeless Design completely immerses you in all the captivating action and wondrous scenery that 1440P resolution and 75Hz refresh rate have to offer.
Blue Light Shift: Reduce your monitors blue light to protect you from eye fatigue, irritation and strains. This enables you to work on your documents, watch movies, or play games more comfortably for extended periods.
FPS-RTS Game Modes: FPS and RTS are Sceptre's custom set display settings built for an enhanced gaming experience. FPS (First Person Shooter), RTS (Real-Time Strategy)."
images/71TOE0w7DzL._AC_SX679_.jpg,4.3,"$96
18","SHARE THE PANORAMIC VIEW : The 23.8 inch monitor adopts a new generation of VA screen, covering 99% of the SRGB color gamut and 8bit gray level over 16.7M color numbers. Thus the business monitor can 100% restore true colors and present vivid details. Besides, the 178° wide viewing angle of this VA monitor allows you to enjoy a clear, sharp, and delicate images at any angle.
EXTREMELY VIEWING COMFORT: Find your best viewing position and stay comfortable by tilting the screen up to 5 degrees forward or 15 degrees backward. Flicker-Free technology, Blue Light Filter, you can enjoy ultra-smooth gameplay or working for all-day without any eyes uncomfort.
ULTRA SLIM DESIGN: The KOORUI 23.8 inch Business Computer Monitor adopts edgeless design to make the picture more complete when multiple monitors connect. A great choice of business display for desktop, or laptop at home.
MULTIPLE PORTS: KOORUI monitors provide video interfaces via HDMI and VGA ports. This HDMI monitor is with 60Hz refresh rate (compatible with most normal graphics cards) and FHD 1920x1080p resolution. You can connect the edge-less monitor to Xbox, PC and laptops etc, transmitting high-quality images, any switch between office and entertainment.
RELIABLE MONITOR: KOORUI owns super strength from monitor quality to premium service, making you assured. With a 3-year warranty, a 12-month replacement service and calling technical support. If you find any damage, malfunction or missing accessories, please feel free to contact us."
images/715l3fbdksL._AC_SY300_SX300_.jpg,4.6,"$379
00","32-inch QHD (2560x1440) gaming monitor with ultrafast 170Hz refresh rate designed for professional gamers and immersive gameplay
ASUS Extreme Low Motion Blur Sync (ELMB SYNC) technology enables ELMB together with G-SYNC Compatible, eliminating ghosting and tearing for sharp gaming visuals with high frame rates
Freesync Premium technology, delivering a seamless, tear-free gaming experience by enabling VRR (variable refresh rate) by default
High Dynamic Range (HDR) technology with professional color gamut delivers contrast and color performance that meets the DisplayHDR 400 certification
Supports both Adaptive-Sync with NVIDIA GeForce graphics cards and FreeSync with AMD Radeon graphics cards Compatible with NVIDIA GeForce GTX 10 series, GTX 16 series, RTX 20 series and newer graphics cards
Free 3-month Adobe Creative Cloud Subscription: Receive complimentary access with the purchase of this product (offer valid from 9/15/2021 to 8/31/2023)"
images/71MXh2CfxNL._AC_SY300_SX300_.jpg,4,"$103
29","IMMERSIVE VIEWING EXPERIENCE: The monitor 24 inch adopts a advanced VA panel technology minimizes light leakage across the entire screen and corners to deliver deeper, more uniform blacks. The excellent 3000:1 contrast ratio delivers deep blacks and bright whites, so you can see clearly in the darkest or brightest scenes.
ULTRA SLIM DESIGN: The KOORUI computer monitor 24 inch with edgeless design to make the picture more complete when multiple monitors connect. A great choice of business display for desktop, or laptop at home.
OPTIMAL COMFORT: Find your best viewing position and stay comfortable by tilting the screen up to 5 degrees forward or 15 degrees backward. 24"" monitor with Blue Light Filter, Adaptive FreeSync technology so you can enjoy ultra-smooth gameplay or working for all-day without any eyes uncomfor
MULTIPLE PORTS: KOORUI monitors provide video interfaces via HDMI and VGA ports. This HDMI monitor is with 60Hz refresh rate (compatible with most normal graphics cards) and FHD 1920x1080p resolution.
KOORUI SERVICES: We owns super strength from monitor quality to premium service, making you assured. With a 3-year warranty, a 12-month replacement service and 24h support. If you find any damage, malfunction or missing accessories, please feel free to contact us."
images/71yo3bmyBnL._AC_SX679_.jpg,4.6,"$119
99","23.8"" Full HD (1920 x 1080) Widescreen VA Monitor | AMD FreeSync Premium Technology
Refresh Rate: 165Hz | Response Time: 1ms (VRB) | Pixel Pitch: 0.275mm | Color Saturation: NTSC 72%
Zero-Frame Design | HDR Ready
VESA mounting compliant (100 x 100mm) | Ergonomic Tilt: -5° to 15°
Ports: 1 x Display Port 1.2 and 2 x HDMI 2.0 (HDMI Cable Included)"
images/61VF-12zw4L._AC_SX679_.jpg,4.4,"$129
99","ULTRA-PORTABLE MONITOR: Weighing just under 2 lbs., this 15.6-inch portable monitor can be easily packed and taken with you wherever you go.Aspect Ratio: 16:9. Viewing Angle is 170° (H) / 170° (V)
2-WAY POWERED USB-C: With dual USB-C Ports, the VA1655 can deliver data, audio, video, and power over a single cable, with laptops able to power the monitor via two-way power
ENHANCED-VIEWING COMFORT: Flicker-free technology and a blue light filter provide all-day comfort
USB C: Connect video, audio, data and power with a single USB-C cable and plug in peripherals like USB drives and mice with the USB hub
FLEXIBLE CONNECTIVITY: The VA1655 supports laptops, PCs, and Apple/Mac operating systems with Mini-HDMI 1.4, and USB-C inputs
INCLUDED IN THE BOX: Portable Monitor with Sleeve, Mini HDMI Cable, USB-C Cable, and Quick Start Guide"
images/81a+yL6ii9L._AC_SX679_.jpg,4.5,"$341
28","HANDPICKED BY AMAZON: They did the research so you don’t have to..
STUNNING WQHD: Your gaming world, now astoundingly lifelike; Packing in 1.7 times the pixel density of Full HD, WQHD resolution boasts incredibly detailed, pin-sharp images; Experience a fuller view with more space to take in all the action.Mounting Type:Wall Mount 75 x 75.Aspect Ratio 16:9
165HZ REFRESH RATE: Ready to conquer enemies, lag, and blur; The ultra fast 165Hz refresh rate handles even the most exhilarating scenes and super quick visuals
1MS RESPONSE TIME: Make every move count with a 1ms response time; Jump on enemies as soon as you see them and stay ahead with precise mouse movements; Your on-screen performance is as swift as your own reflexes
AMD FREESYNC PREMIUM: Effortlessly smooth gameplay; AMD FreeSync Premium features adaptive sync technology which reduces screen tearing, stutter, and input latency; Low framerate compensation ensures every scene flows seamlessly
TRULY REALISTIC HDR: Awe-inspiring graphics with HDR10; A kaleidoscope of shades brings game scenes to life more vibrantly than ever before; Uncover the secrets hiding in the shadows with deep dark blacks, luminous whites, and outstandingly detailed resolution
FUTURISTIC DESIGN: The Odyssey G55A Gaming Monitor’s futuristic design looks attractive in any desktop setting"
images/71trhuzbhML._AC_SY879_.jpg,4.7,"$177
97","This Certified Refurbished product is manufacturer refurbished, shows limited or no wear, and includes all original accessories plus a 90-day limited hardware warranty.
Response Time — 5ms with overdrive for a smooth picture that looks crisp and fluid without motion blur
Built-In Speakers — Integrated audio speakers provide great sound for your content (2 watts per channel)
Thin Bezel-Less Frame — A thin and virtually frameless ultra-widescreen monitor provides a seamless multi-monitor set-up with 3-sided narrow bezels"
images/81MLtyTxeAL._AC_SX679_.jpg,4.7,"$188
53","24 inch Full HD (1920x1080) display with an overclockable 165Hz (supports 144Hz) rapid refresh rate and 0.5ms (GTG) response time
NVIDIA G-SYNC technology removes stutter and screen tearing for the smoothest gaming experience
ASUS Eye Care technology with flicker-free and blue light filter to minimize eye fatigue
Flexible connectivity with HDMI (v1 4) DisplayPort 1.2 and Dual-link DVI-D ports
Ergonomically-designed stand with tilt swivel pivot height adjustment plus wall-mount capability for ultimate viewing comfort
Exclusive GameVisual & Gameplus functions to enhance color performance and control"
images/71I+oKICd4L._AC_SX466_.jpg,4.5,"$149
99","27 inches Full HD (1920 x 1080) widescreen IPS display with AMD Radeon free Sync technology
Response time: 1ms VRB
Refresh rate: 75 hertz - Using display port or HDMI port. Brightness: 250 nit
Zero frame design ; Ergo stand: Ergonomically-designed stand ; VESA mounting compliant (100 millimeters x 100 millimeters)
Ports: 1 x display port, 1 x HDMI, 1 x VGA, 1 x audio-in and 1 x audio-out (VGA and audio cable included)"
images/714F6KusyaL._AC_SX679_.jpg,4.5,"$94
99","23.8"" Full HD (1920 x 1080) Widescreen VA Monitor
AMD FreeSync Technology | Zero-Frame Design
Refresh Rate: 75Hz (HDMI Port Only) | Response Time: 1ms VRB | Brightness: 250 nits | Pixel Pitch: 0.275mm
16:9 Aspect Ratio | 16.7 million colors supported | Ergonomic Tilt: -5 degrees to 20 degrees
Ports: 1 x HDMI Port & 1 x VGA Port (HDMI Cable Included)"
images/71E1ePS8QDL._AC_SX679_.jpg,4.7,"$129
00","23.8-inch Full HD (1920x1080) LED backlight display with IPS 178° wide viewing angle panel
Up to 75Hz refresh rate with Adaptive-Sync/FreeSync technology to eliminate tracing and ensure crisp and clear video playback
VESA wall-mountable for more desktop space
ASUS Eye Care technology features TÜV Rheinland-certified Flicker-free and Low Blue Light technologies to ensure a comfortable viewing experience
Extensive connectivity including HDMI, DisplayPort, VGA
Supports both Adaptive-Sync with NVIDIA GeForce* graphics cards and FreeSync with AMD Radeon graphics cards *Compatible with NVIDIA GeForce GTX 10 series, GTX 16 series, RTX 20 series and newer graphics cards
Accessories include: Power Cord, HDMI cable, DisplayPort cable, Warranty card, Quick Start Guide"
images/91oc0RQK2jL._AC_SX679_.jpg,4.2,"$312
45","HANDPICKED BY AMAZON: They did the research so you don’t have to.
EXCEPTIONAL PICTURE QUALITY: Hi-Res 4K UHD, IPS panel and HDR 10 allow you to explore every detail with 4x the pixels of a Full HD monitor; More screen real estate provides more space to view multiple tools, applications and programs.
1 BILLION COLORS WITH HDR10: With a range of colors, near limitless hues and HDR10, which makes dark colors darker and the brightest colors even brighter, all content becomes a joy to look at and experienced exactly as the creator intended
VERSATILE CONNECTIVITY: Enjoy multiple connectivity options with HDMI, DisplayPort, and USB-C - which functions as a display input, as well as provides up to 90W of power delivery to charge your laptop; A USB 3.0 hub allows you to connect multiple devices such as keyboards and mice directly to the display, freeing up clutter on your desk
INTELLIGENT EYE CARE: Eye Saver Mode and a flicker free smart adaptive picture setting keep eyes fresh and strain-free; For late-night projects, brightness and color temperature adjust in any environment, and protect against excessive blue light.
SLIM AND MINIMALISTIC DESIGN: Maximize comfort and minimize distractions with the monitor's borderless and functional design
HEIGHT ADJUSTABLE STAND (HAS): The fully-adjustable stand allows you to adjust height, tilt, swivel and pivot, while VESA mount compatibility allows you to mount your computer monitor in any environment
BUILT-IN SOUND, BETTER SPACE: With built-in speakers, you can free up desk space by minimizing the connections needed for a more efficient working environment, while ensuring you can listen to any content with ease"
images/81IKeXOi44L._AC_SX679_.jpg,4.4,,"32” UltraFine UHD (3840 x 2160) IPS Display
Viewing Angle is 178º (R/L), 178º (U/D); Brightness is 350nits(typ); Aspect Ratio is 16:9
LG Ergo Stand (Extends/Retracts/Swivels/Height/Pivot/Tilt)
DCI-P3 95% Color Gamut with HDR 10
USB Type-C with 60W PD
3-Side Virtually Borderless Design"
images/81-lVaD1rAL._AC_SX679_.jpg,4.7,"$239
99","Upgrade your productivity with this color-calibrated monitor's lifelike color reproduction and clear contrast, clarity, and detail, even at wide angles
HDR 10 content, backed by 350 nits of brightness delivers high image quality with enhanced color, combined with wide color coverage of the DCI-P3 90% color gamut
Protect your eyes and minimize eye fatigue during long work sessions with Reader Mode's blue light reduction and Flicker Safe, virtually eliminating onscreen flicker
AMD FreeSync manages refresh rate, reducing screen tearing, flicker, and stuttering for an effortlessly smooth gaming experience with supported video cards such as the AMD Radeon series
Dynamic Action Sync helps reduce input lag to help you respond to on-screen action quickly. Black Stabilizer dynamically brightens dark scenes to help you find enemies in the dark"
images/81oADRhNq2L._AC_SX679_.jpg,4.5,"$650
98","First Curved monitor with Intel Thunderbolt 3 for single-source power and charging
One cable to Link and dock monitor and laptop
Tbt3 offers 40 Gaps processing speed - - 4x faster than USB - - and up to 85W laptop charging
Connectivity available for docks, displays and peripherals including Macs, USB Type-C laptops, E storage drives and external Graphics cards
Ultra wide WQHD resolution 3440 x 1440
Great multi-tasking with intuitive screen split software PBP/PIP
Qled technology provides a wide range of colors, darker blacks with a 3000: 1 contrast ratio"
images/613QjYRkKqL._AC_SX679_.jpg,4.5,"$149
97","IPS Panel: The IPS (In-Plane Switching) panel cannot be beat when it comes to consistently delivering top color performance and sharp visibility from multiple viewing angles.
165Hz Refresh Rate: Pushing beyond the standard refresh rate, 165Hz gives gamers an edge in visibility as frames transition instantly, leaving behind no blurred images.
Response Time 1ms MPRT: With 1ms MPRT, motion blur is eliminated and exceptionally crisp imagery is visible in the midst of chaotic combat.
320 Brightness: Remarkably vivid colors illuminate the screen like never before with 320 cd/m² brightness.
Blue Light Shift: Blue Light Shift reduces blue light, allowing you to comfortably work, watch, or play applications without straining your eyes."
images/71P0M7tKjYL._AC_SX679_.jpg,4.6,"$109
97","1800R curve monitor the curved display delivers a revolutionary visual experience with a leading 1800R screen curvature as the images appear to wrap around you for an in depth, immersive experience
Hdmi, VGA & PC audio in ports
High refresh rate 75Hz.Brightness (cd/m²):250 cd/m2
Vesa wall mount ready; Lamp Life: 30,000+ Hours
Windows 10 Sceptre Monitors are fully compatible with Windows 10, the most recent operating System available on PCs.Brightness: 220 cd/M2
Pixel Pitch: 0.27156mm (H) x 0.27156 mm (V)
75 hertz"
images/711U7Cqp-LL._AC_SX679_.jpg,4.4,"$98
39","【 FHD 1800R Curved Monitor 】- KOORUI curved monitor using a 23.6'' VA screen, delivers 1920 x 1080 at 60Hz breathtaking viewing quality. The 1800R degree curved design immerses you completely into the working landscape, screen curvature as the images appear to wrap around you for an in depth, immersive experience.
【 Wide Compatibility 】- KOORUI 24 inch curved computer monitor equipped with 1 HDMI ports and VGA port, easy access to your favorite devices with 1 cable solution, compatible with most laptop and PC.
【 Panoramic Viewing 】- With 3-sided micro-edge bezel display and an ultra-wide 178° , vibrant detail from practically any position with consistent color and image clarity maintained across horizontal and vertical viewing angles. It covers 99% of the RGB color gamut and 16.7 million color depths for improved fidelity and detailed color display, provide you the clearer, smooth, excellent performance in gaming/multimedia.
【 Adjustable Tilt Angel 】- This curved gaming monitor is ability to tilt 15 degrees backward and 5 degrees forward, the added tilt feature will provide multiple options for finding the optimum angle to view the screen so that work and browsing can be performed with ease.
【 Easy on Your Eyes 】- The 24 inch pc monitors can effectively reduce blue light radiation damage, no flickering, eye-care, and make it easier to watch for a long time."
images/81Q5sjpgRDS._AC_SX679_.jpg,4.6,"$146
99","27” Full HD (1920 x 1080) IPS Display
AMD FreeSync
OnScreen Control
Reader Mode
Wall Mountable"
images/81qOvloWxXS._AC_SX679_.jpg,4.6,"$196
99","27” UHD (3840 x 2160) IPS Display
SRGB 98% Color Gamut
HDR 10 Compatible
AMD FreeSync Compatible
Wall Mountable"
images/71XNJ9z6miL._AC_SX679_.jpg,4.6,"$249
99","27"" WQHD (2560 x 1440) Widescreen Agile-Splendor IPS Gaming Monitor | AMD FreeSync Premium Technology
Refresh Rate: Overclock to 170Hz (Using Display Port) | Response Time: Up to 0.5ms (G to G) | VESA Certified DisplayHDR 400 | Pixel Pitch: 0.233mm | Color Gamut: DCI-P3 95% | Color Accuracy: Delta E<2
Zero-Frame Design | 2 Speakers, 2 Watts per Speaker
Ergonomic Tilt: -5° to 25° | Height Adjustment Range: 4.7"" | Swivel: 360° | Pivot: Yes
Ports: 1 x Display Port 1.2 and 2 x HDMI 2.0 (HDMI Cable and Display Port Cable Included)"
images/71hvdURMrWL._AC_SX679_.jpg,4.4,"$379
99","34” 3440x1440 VA Display Gaming Monitor.Viewing Angle is 178° (H) / 178° (V)
144Hz Refresh Rate, 1ms (MPRT) Response Time, Supports Freesync Premium
Immersive Ultrawide Aspect Ratio 21:9
Native 1500R Curvature
Smooth Gameplay with AMD FreeSync Premium"
images/81jn2-rGnMS._AC_SX679_.jpg,4.3,"$736
92","VISUAL QUALITY THAT PACKS A PUNCH: The Samsung Odyssey G70A Monitor offers an UHD 4K resolution along with the unparalleled depth of HDR400, creating a stunning visual experience that casts your games in their best light
FIND MORE w/ EXTENDED VIEW: Discover hidden gems or flank enemies in full stealth with the ultrawide 21:9 aspect ratio; Extra context in every match brings you closer to the top of the leaderboard
NEXT LEVEL GAMER PERFORMANCE: With a 144Hz super smooth refresh rate, you’ll never go back to a traditional screen; With its GTG 1ms response time, you’re receiving info as fast as technologically possible
EFFORTLESSLY SMOOTH GAMEPLAY: NVIDIA G-Sync compatibility keeps the GPU and panel synced up to eliminate choppiness, screen lag, and image tears; Fast action scenes are stable and stutter free with AMD FreeSync Premium for your competitive edge
CORE COLOR CUSTOMIZATION: Core lighting adds personality to your setup with multiple color modes that leap off the screen; Gaming escapes beyond the display with CoreSync technology that matches your game's on-screen colors for world-blending immersion
SURROUNDED BY LIGHT: Amplify your gamer experience with two front facing light panels, exclusive to the Odyssey G7 range
ADJUSTABLE POSITIONING: Swivel, tilt, pivot, adjust its height, or mount it with industry standard VESA mounting"
images/716OFWNyB4S._AC_SX679_.jpg,4.6,"$499
96","Enjoy more space for online meetings, webinars, and working with multiple reports side-by-side with this QHD (3440 x 1440) VA display with 21:9 aspect ratio, offering 33% more screen space than FHD resolution displays
With HDR 10 support and color performance with 99% coverage of the sRGB spectrum, this monitor is a great solution for photographers, graphic designers, or anyone looking for highly accurate color
AMD FreeSync Premium manages refresh rate, reducing screen tearing, flicker, and stuttering for an effortlessly smooth gaming experience with supported video cards such as the AMD Radeon series
Dynamic Action Sync helps reduce input lag to help you respond to on-screen action quickly. Black Stabilizer dynamically brightens dark scenes to help you find enemies in the dark. Enhance your accuracy in firefights with the Crosshair feature
Add rich sound to your gaming and video content experiences with 2-channel (7W each) MAXXAUDIO stereo sound. Three-side virtually borderless design with slim bezels keeps you focused, and easily adjust height and tilt for the most comfort"
images/81QoOiJ+VxL._AC_SX679_.jpg,4.7,"$289
00","27-inch WQHD (2560 x 1440) IPS monitor with frameless design
International color standard 100% sRGB and 100% Rec. 709 wide color gamut
Calman Verified with factory calibration for excellent Delta E less than 2 color accuracy
ASUS-exclusive ProArt Preset and ProArt Palette provide numerous adjustable color parameters
Extensive connectivity for maximum flexibility, including Mini DisplayPort, DisplayPort, HDMI, dual-link DVI-D, audio in and earphone jack, plus four USB 3.0 ports
Ergonomic stand with tilt, swivel, pivot and height adjustments for a comfortable viewing experience, plus VESA wall-mountable"
images/61xdWu6dlgL._AC_SX679_.jpg,4.6,"$146
99","Versatile, color-calibrated monitor delivers shorter response times, improved color reproduction, and wider viewing angles with IPS (In-Plane Switching) technology
A sleek addition to any desktop, this monitor's ultra-thin bezel creates a virtually borderless visual experience to reduce distractions from the on-screen image
With supported video cards such as the AMD Radeon series, AMD FreeSync manages refresh rate, reducing screen tearing, flicker, and stuttering for an effortlessly smooth gaming experience
Reader Mode provides optimal conditions for reading by reducing blue light to lessen eye fatigue. Make adjustments via On-Screen control with a few clicks of your mouse
Dynamic Action Sync helps reduce input lag to help you respond to on-screen action quickly. Black Stabilizer dynamically brightens dark scenes to help you find enemies in the dark. Enhance your accuracy in firefights with the Crosshair feature
60 hertz"
images/61slmmMpTDL._AC_SX679_.jpg,4.7,"$119
99","Work Productively and Comfortably: 24 Inch IPS 1080P FHD Computer Monitor featuring an edge-to-edge display that allows you to focus on the important work. Work, play, and learn all in one place!
Proprietary Eye-Care Tech: Our exclusive Eye-Care technology reduces eye fatigue for optimal comfort, productivity and allows you to work for an extended period of time.
Adaptive Brightness for Image Quality: Our Brightness Intelligence (B.I.) technology optimizes display performance for work and play to protect your vision while providing a stunning image at the same time.
Ultra-Slim Bezel: Ultra-slim bezel allows for an extended view while the space saving base and elegant design is perfect for any home office.
Seamless Connectivity: Easily access content via HDMI, DP and VGA ports.
Built-In Speakers: Free up desk space with a built-in sound system that delivers premium audio.
Invisible Cable Management: Easily hide all wires inside the monitor stand for a clean and sleek look."
images/81d4b-QathL._AC_SX679_.jpg,4.7,"$179
99","24"" class, 23.6"" viewable AOC Gaming monitor with 1920 x 1080 Full HD Resolution
1500R curved monitor wrapping around your vision for an immersive gaming experience. Purchase multiple C24G1As for an even more immersive battle station.
Rapid 1ms (MPRT) response and now with 165Hz (via DP 1.2 port) refresh rate with AMD FreeSync Premium for smoothest competitive gameplay (48-165Hz LFC supported via DP)
3-sided frameless design with ultra-narrow borders for the ultimate multi-monitor setup
Height adjustable stand with swivel, tilt, and quick release for optimum ergonomics | VESA mounting compatible wall/desk mounting options"
images/71ZZi5G0DwL._AC_SX300_SY300_.jpg,4.6,"$199
97","240Hz Refresh Rate: Stay above the pack with 240Hz, giving you an edge in performance as frames transition instantly.
AMD FreeSync Premium: By accelerating the frame rate and delivering low latency to prevent visible delay in data processing, AMD FreeSync Premium allows gameplay to reach the highest echelons of performance.
Edgeless Design: Edgeless Design completely immerses you in all the captivating action and extraordinary scenery that FHD resolution & 240Hz refresh rate have to offer.
Multi Digital Ports: The DisplayPort & HDMI1 deliver up to 240Hz refresh rate , providing incredible visibility & agility to beat your standard player. The HDMI 2 & 3 provide impressive 144Hz refresh rate.
Blue Light Shift: Blue Light Shift reduces blue light, allowing you to comfortably work, watch, or play applications without straining your eyes."
images/612rfvixaGL._AC_SX679_.jpg,4.4,"$149
99","【Visual Enjoyment & Panoramic Viewing】This 27 inch monitor with IPS technology and three-sided ultra-thin bezel design gives you brilliant visuals and unforgettable quality, Besides, the 178° wide viewing angle of this monitor 27 inch allows you to enjoy a clear, sharp, and delicate images at any angle.
【Reduce Eye Fatigue】Flicker-Free technology, Blue Light Filter, 99% SRGB (NTSC 72%) make the picture more realistic, the color is more saturated, 20 million dynamic contrast ratio and 250cd/㎡ (adjustable brightness) bring long-term visual comfort, Reduce eye fatigue.
【Versatile Connectivity】PC monitor provide video interfaces via HDMI and VGA ports. This computer monitor 27 inch is with 75Hz refresh rate (compatible with most normal graphics cards) and FHD 1920x1080p resolution. You can connect the 27 in monitor to Xbox, PC and laptops etc, transmitting high-quality images, any switch between office and entertainment.
【Vesa Compatibility】The FHD 27 monitor stand can be quickly installed and dismantled, and supports 75*75mm VESA stand, which provides great convenience for you to move and place the monitor. Tilt 5 degrees forward and 15 degrees back to give you the best viewing angle.
【After-sales Guarantee】KOORUI committing to manufacturing monitors over 20 years, we can provide high-quality computer monitors and premium services, included 30 days money back, 6 months replacement, 3 years warranty. If you find any damage, malfunction or missing accessories, please feel free to contact us."
images/71-4ZeUWzqL._AC_SX300_SY300_.jpg,4.6,"$164
97","1500R Curved Display: The 1500R degree curved design immerses you completely into the gaming landscape, allowing you to spot all threats and opportunities before all of your competitors.
98% sRGB: With 98% sRGB, this monitor offers a wider color gamut than most conventional monitors, giving deeper colors and defining features.
Multiple Ports: Two HDMI and one VGA port each accelerate refresh rate up to 75Hz, providing the visual edge you need to defeat the competition during all of your gaming exploits.
Adaptive Sync: Adaptive Sync is a technology that closes the gap between the graphics card's and the monitor's refresh rates, eliminating image tearing and stuttering in the process.
Built-in Speakers: Perfectly suited to work & gaming settings, built-in speakers deliver robust & smooth audio while saving space on your desk.
Blue Light Shift: Blue Light Shift reduces blue light, allowing you to comfortably work, watch, or play applications without straining your eyes.
Tiltable Display: A display that tilts 15° backward and 5° forward allows you to find a sweet spot that bridges clarity and comfort."
images/61DS+ZM0qGL._AC_SX466_.jpg,4.6,"$105
99","GREAT FOR HOME AND OFFICE: An ideal all-around 24 inch display for offices or remote work
SEE THE DIFFERENCE: Razor-sharp clarity and detail with Full HD (1920x1080p) resolution
LESS CABLE CLUTTER: In addition to fast data, audio and video transfer, USB Type-C also provides 15W charging over a single cable
NO IMAGE TEARING: AMD FreeSync technology enables smooth frame rates to aid you in battle
AMAZING AT ANY ANGLE: A slim bezel panel ensures stunning views no matter your vantage point
ENHANCED VIEWING COMFORT: Flicker-Free technology and Blue Light Filter for all-day comfort
FLEXIBLE CONNECTIVITY: The VA2447-MHU supports a variety of HD devices including gaming consoles, Blu-ray, laptops, PCs and digital cameras with HDMI and VGA inputs
INCLUDED IN THE BOX: LCD Monitor, Power Cable, HDMI Cable, and a Quick Start Guide"
images/71hrBloottS._AC_SX679_.jpg,4.4,,"Built-in Speakers: Perfectly suited to work & gaming settings, built-in speakers deliver robust & smooth audio while saving space on your desk.
99% sRGB Color Gamut: With 99% sRGB, this monitor offers a wider color gamut than most conventional monitors, giving deeper colors and defining features.
IPS Panel: The IPS (In-Plane Switching) panel cannot be beat when it comes to consistently delivering top color performance & sharp visibility from multiple viewing angles.
up to 75Hz Refresh Rate: With 75Hz refresh rate, images change faster and smoother than the standard, reducing screen tearing
Multiple Ports: Two HDMI ports and one DisplayPort provide up to 75HZ refresh rate, refining picture clarity in all action-packed gaming sequences and graphic design projects. Audio In and a Headphone Jack provide diverse audio options.
Edgeless Design: Edgeless Design completely immerses you in all the captivating action and wondrous scenery that 1440P resolution and 75Hz refresh rate have to offer.
Blue Light Shift: Reduce your monitors blue light to protect you from eye fatigue, irritation and strains. This enables you to work on your documents, watch movies, or play games more comfortably for extended periods.
FPS-RTS Game Modes: FPS and RTS are Sceptre's custom set display settings built for an enhanced gaming experience. FPS (First Person Shooter), RTS (Real-Time Strategy)."
images/71TOE0w7DzL._AC_SX679_.jpg,4.3,"$96
18","SHARE THE PANORAMIC VIEW : The 23.8 inch monitor adopts a new generation of VA screen, covering 99% of the SRGB color gamut and 8bit gray level over 16.7M color numbers. Thus the business monitor can 100% restore true colors and present vivid details. Besides, the 178° wide viewing angle of this VA monitor allows you to enjoy a clear, sharp, and delicate images at any angle.
EXTREMELY VIEWING COMFORT: Find your best viewing position and stay comfortable by tilting the screen up to 5 degrees forward or 15 degrees backward. Flicker-Free technology, Blue Light Filter, you can enjoy ultra-smooth gameplay or working for all-day without any eyes uncomfort.
ULTRA SLIM DESIGN: The KOORUI 23.8 inch Business Computer Monitor adopts edgeless design to make the picture more complete when multiple monitors connect. A great choice of business display for desktop, or laptop at home.
MULTIPLE PORTS: KOORUI monitors provide video interfaces via HDMI and VGA ports. This HDMI monitor is with 60Hz refresh rate (compatible with most normal graphics cards) and FHD 1920x1080p resolution. You can connect the edge-less monitor to Xbox, PC and laptops etc, transmitting high-quality images, any switch between office and entertainment.
RELIABLE MONITOR: KOORUI owns super strength from monitor quality to premium service, making you assured. With a 3-year warranty, a 12-month replacement service and calling technical support. If you find any damage, malfunction or missing accessories, please feel free to contact us."
images/715l3fbdksL._AC_SY300_SX300_.jpg,4.6,"$379
00","32-inch QHD (2560x1440) gaming monitor with ultrafast 170Hz refresh rate designed for professional gamers and immersive gameplay
ASUS Extreme Low Motion Blur Sync (ELMB SYNC) technology enables ELMB together with G-SYNC Compatible, eliminating ghosting and tearing for sharp gaming visuals with high frame rates
Freesync Premium technology, delivering a seamless, tear-free gaming experience by enabling VRR (variable refresh rate) by default
High Dynamic Range (HDR) technology with professional color gamut delivers contrast and color performance that meets the DisplayHDR 400 certification
Supports both Adaptive-Sync with NVIDIA GeForce graphics cards and FreeSync with AMD Radeon graphics cards Compatible with NVIDIA GeForce GTX 10 series, GTX 16 series, RTX 20 series and newer graphics cards
Free 3-month Adobe Creative Cloud Subscription: Receive complimentary access with the purchase of this product (offer valid from 9/15/2021 to 8/31/2023)"
images/71MXh2CfxNL._AC_SX679_.jpg,4,"$103
29","IMMERSIVE VIEWING EXPERIENCE: The monitor 24 inch adopts a advanced VA panel technology minimizes light leakage across the entire screen and corners to deliver deeper, more uniform blacks. The excellent 3000:1 contrast ratio delivers deep blacks and bright whites, so you can see clearly in the darkest or brightest scenes.
ULTRA SLIM DESIGN: The KOORUI computer monitor 24 inch with edgeless design to make the picture more complete when multiple monitors connect. A great choice of business display for desktop, or laptop at home.
OPTIMAL COMFORT: Find your best viewing position and stay comfortable by tilting the screen up to 5 degrees forward or 15 degrees backward. 24"" monitor with Blue Light Filter, Adaptive FreeSync technology so you can enjoy ultra-smooth gameplay or working for all-day without any eyes uncomfor
MULTIPLE PORTS: KOORUI monitors provide video interfaces via HDMI and VGA ports. This HDMI monitor is with 60Hz refresh rate (compatible with most normal graphics cards) and FHD 1920x1080p resolution.
KOORUI SERVICES: We owns super strength from monitor quality to premium service, making you assured. With a 3-year warranty, a 12-month replacement service and 24h support. If you find any damage, malfunction or missing accessories, please feel free to contact us."
images/71Ni33LIM8L._AC_SX679_.jpg,4.4,"$174
99","【Curved gaming monitor】144Hz high refresh rate 27-inch ultra-high-definition (2560*1440) curved gaming monitor, 1800R curvature, you can enjoy the cinematic look and feel on the spot. Response speed 1ms MPRT provides comfortable and immersive gaming experience for professional gamers and fast mobile games. The new OSD menu makes it easier to use. Not only the stylish design, but also -5 degree to 15 degree angle adjustment reduce fatigue even after long-term use.
【Wide Viewing Angle VA LED Gaming Monitor】This PC monitor features a high-quality VA panel with both picture quality and color rendering, making images brighter and more lifelike. With an ultra-wide angle of 178°, the brightness and color of the screen will not change even when viewed from an angle. With a 2mm narrow bezel design, the screen is wider and more immersive. Best of all, flicker-free and blue light-free features reduce eye strain.
【Support AMD FreeSync Technology! 】Up to 144Hz refresh rate and Adaptive-Sync/FreeSync technology synchronize GPU and display refresh rate to prevent tearing (image shift) and freezing (screen capture) for crisp video playback, and provides a smooth, tear-free gaming experience with incredible image quality
【Enhancing the Game Experience】The game OSD provides a variety of player-centered game modes (FPS/RPG). In addition, you can make settings according to your style, such as black equalizer function, backlight adjustment function when the image is bright, and game picture optimization function. It can be connected to devices with audio output, used to connect HDMI 1.4 + HDMI2.0 + Displayport 1.2 input terminals, HD cameras, laptops, XBOX, PS and other audio devices. The game is more shocking!
【Important Features/After-sale Service】Model 27E6QC, screen ratio 16:9, dynamic contrast ratio 20 million:1, 85% DCI-P3 color gamut, maximum color 16.7 million colors, net weight 5.1 kg, machine size 612.2*452.9*185.1mm, with 1.5m DP cable, audio Audio output interface. 3 Years Product Warranty: 3 years free returns and exchanges. If you have any questions or concerns about the product, please feel free to contact us."
images/71XeGnFB72S._AC_SY300_SX300_.jpg,4.4,"$209
99","15.6-inch Full HD portable anti-glare IPS display with an ultraslim and thin design, perfect solution for travel, on-the-go meetings, or business trips
Kickstand design to prop the monitor up in either portrait or landscape mode easily
Features a hybrid-signal solution which supports power and video transmission, and enables compatibility with any laptop with a USB Type-C or Type A port
ASUS Eye Care monitors feature TÜV Rheinland-certified Flicker-free and Low Blue Light technologies to ensure a comfortable viewing experience
Tripod Hole compatible with standard 1/4 inch screw thread for universal tripods or clamp mounts"
images/616nHsJfEZL._AC_SX679_.jpg,4.6,"$115
57","Wide Viewing Angles: Wide viewing angles keep all the action sharply in sight from almost any viewing position while gaming on large monitors or dual-display setup.
Fast Response Time: Playing fast action games and watching action adventure movies always require fast and accurate pixel response from an LED. With quick response times, ghosting and blurring are reduced so the user can enjoy the display with clarity and precision.
Multiple Ports: Two HDMI ports and one VGA port provide up to 75HZ refresh rate, refining picture clarity in all action-packed gaming sequences and graphic design projects. Audio In and a Headphone Jack provide diverse audio options.
Edgeless Design: Edgeless Design completely immerses you in all the captivating action and wondrous scenery that 1080P resolution and 75Hz refresh rate have to offer.
VESA Wall Mountable: The VESA wall mount pattern gives you the freedom to select the optimum viewing position for your monitor, eliminate cable clutter, and save valuable space for your gaming and work station.
99% sRGB: With 99% sRGB, this monitor offers a wider color gamut than most conventional monitors, giving deeper colors and defining features.
Blue Light Shift: Blue Light Shift reduces blue light, allowing you to comfortably work, watch, or play applications without straining your eyes.
FPS-RTS Game Modes: FPS and RTS are Sceptre's custom set display settings built for an enhanced gaming experience. FPS (First Person Shooter), RTS (Real-Time Strategy)."
images/61U4pbZml6L._AC_SX679_.jpg,4.6,"$129
99","GREAT FOR HOME AND OFFICE: An ideal all-around display for desktop, or laptop
SEE THE DIFFERENCE: Razor-sharp clarity and detail with Full HD (1920x1080p) resolution
AMAZING AT ANY ANGLE: A 3-sided thin bezel IPS panel ensures stunning views no matter your vantage point
FLEXIBLE CONNECTIVITY: The VA2456-MHD supports laptops, PCs, Macs, and POS systems with HDMI, DisplayPort, and VGA inputs
INCLUDED IN THE BOX: LCD Monitor, Power Cable, HDMI Cable, and a Quick Start Guide
60 hertz"
images/51DG5X9vJlL._AC_SX679_.jpg,4.6,"$276
99","32” QHD (2560 x 1440) Display
165Hz Refresh Rate with 1ms Motion Blur Reduction
AMD FreeSync
SRGB 95% Color Gamut with HDR 10
3-Side Virtually Borderless Display with Tilt,Height,Pivot Adjustable Stand"
images/81EEKMm1XBL._AC_SX679_.jpg,4.6,"$329
00","31.5-inch WQHD (2560x1440) 1500R gaming monitor with ultrafast 165Hz refresh rate (supports 144Hz) designed for professional gamers and immersive gameplay
ASUS Extreme Low Motion Blur (ELMB) technology enables a 1ms response time (MPRT) together with Adaptive-sync, eliminating ghosting and tearing for sharp gaming visuals with high frame rates
FreeSync Premium technology supported through DisplayPort and HDMI ports providing variable refresh rates for low latency, stuttering-free and tearing-free while gaming
Shadow Boost enhances image details in dark areas, brightening scenes without over-exposing bright areas
Supports HDR-10 to enhance bright and dark area, delivers lifelike gaming experience
Robust connectivity with HDMI (v2.0) x2 and DisplayPort 1.2
Pixel Pitch : 0.272mm"
images/81dDR+bGO3L._AC_SX679_.jpg,4.1,"$1,338
31",Mounting Type:Wall Mount (Size mm) 100 x 100.Aspect Ratio 16:9
images/81z3PbaaAaL._AC_SX679_.jpg,4.4,"$149
99","Enjoy 1920 x 1080p resolution with a 75 Hz refresh rate and AMD FreeSync that enables smooth remote collaboration and reduces screen tearing and stuttering for casual gamers
Users can connect devices with the variety of ports including HDMI 1.4, USB Type-C that offers data, power, audio, and video transfer capabilities along with power delivery of up to 75W, and four USB 3.2 ports allowing you to connect to keyboards, mice, webcams, headphones, and more
With built-in dual speakers, enjoy a superior multimedia experience without the need for external speakers
In-Plane Switching (IPS) panels offers impressive, distortion-free display quality and wide viewing angles of up to 178°, so every virtual meeting feels authentic and immersive
The ultra-thin monitor head and a stylish dual-tone metal stand with a phone holder make for an attractive and clutter-free addition to a home office, moreover, the ergonomic stand enables easy adjustment with an increased range of tilt, lift, pivot, and swivel"
images/61B8Lq5NXmL._AC_SX679_.jpg,4.6,,"ALL-EXPANSIVE VIEW: The 3-sided borderless display brings a clean and modern aesthetic to any working environment. In a multi-monitor setup, the displays line up seamlessly for a virtually gapless view without distractions
IPS PANEL: Sit anywhere and have a full technicolor experience. The IPS panel preserves color vividness and clarity across every inch of the screen. Even on a display this wide, tones and shades look completely accurate from virtually any angle, with no color washing
SYNCHRONIZED ACTION: Superfluid entertainment experience. AMD Radeon FreeSync keeps your monitor and graphics card refresh rate in sync to reduce image tearing. Watch movies and play games without any interruptions. Even fast scenes look seamless and smooth
SEAMLESS, SMOOTH VISUALS: Now, the picture looks flawless. The 75Hz refresh rate delivers more fluid scenes. Whether you're catching up on your favorite TV drama, watching a video, or playing a game, your entertainment has no lag or ghosting effect
MORE GAMING POWER: Ideal game settings instantly give you the edge. Get optimal color and image contrast to see scenes more vividly and spot enemies hiding in the dark. Game Mode adjusts any game to fill your screen with every detail in view"
images/81ZLEEgLWkS._AC_SX679_.jpg,4.6,"$126
99","Computer monitor features a Full HD IPS Display with a three-side, virtually borderless design for wide viewing angles and rich colors
AMD FreeSync manages refresh rate, reducing screen tearing, flicker, and stuttering for an effortlessly smooth gaming experience with supported video cards such as the AMD Radeon series
Protect your eyes and minimize eye fatigue during long work sessions with Reader Mode's blue light reduction and Flicker Safe, virtually eliminating onscreen flicker. Make adjustments via On-Screen control with a few clicks of your mouse
Dynamic Action Sync helps reduce input lag to help you respond to on-screen action quickly. Black Stabilizer dynamically brightens dark scenes to help you find enemies in the dark. Enhance your accuracy in firefights with the Crosshair feature
Uni-body design with ultra-narrow bezel and tilt adjustment is the ideal screen for a desktop setup, or mount with 75 x 75 mm bracket sizing"
images/61Yjn0kIHXL._AC_SX466_.jpg,4.6,"$96
92","75Hz Refresh Rate: With 75Hz refresh rate, images change faster and smoother than the standard, reducing screen tearing
Fast Response Time: Fast response times reduce ghosting & blurring while transitioning pixels, always keeping the enemy & terrain precisely in focus during chaotic moments.
Adaptive Sync: Adaptive Sync is a technology that closes the gap between the graphics card's and the monitor's refresh rates, eliminating image tearing and stuttering in the process.
Built-in Speakers: Perfectly suited to work & gaming settings, built-in speakers deliver robust & smooth audio while saving space on your desk.
Blue Light Shift: Blue Light Shift reduces blue light, allowing you to comfortably work, watch, or play applications without straining your eyes.
FPS-RTS Game Modes: FPS and RTS are Sceptre's custom set display settings built for an enhanced gaming experience. FPS (First Person Shooter), RTS (Real-Time Strategy)."
images/71Xl3-y0K5L._AC_SX679_.jpg,4.6,"$549
99","28.0"" UHD (3840 x 2160) Widescreen Agile-Splendor IPS AMD Radeon FreeSync Premium Technology (works with NVIDIA G-SYNC Compatible) Gaming Monitor
Aspect Ratio is 16:9; Viewing Angle is 178º (H) / 178º (V); Brightness is 400cd/㎡
High Brightness and Contrast with VESA Certified DisplayHDR 400 | Color Gamut: 90% DCI-P3 | Color Accuracy: No color difference with Delta E<1
Refresh Rate: 144Hz | Response Time: 1ms (G to G) | Pixel Pitch: 0.233mm
TUV/Eyesafe Certification | Acer VisionCare 3.0 Technologies
Ports: 1 x USB 3.1 (Type-C) port (Gen 1 up to 5 Gbps) supporting data, power (65W) and DisplayPort over USB-C, 1 x Display Port 1.4 and 2 x HDMI 2.1 (Supports console gaming PS5 and XBOX: 4K UHD@120Hz) & 4 x USB Ports (Display Port, HDMI and USB Cables Included)"
images/613QjYRkKqL._AC_SX679_.jpg,4.5,"$149
97","IPS Panel: The IPS (In-Plane Switching) panel cannot be beat when it comes to consistently delivering top color performance and sharp visibility from multiple viewing angles.
165Hz Refresh Rate: Pushing beyond the standard refresh rate, 165Hz gives gamers an edge in visibility as frames transition instantly, leaving behind no blurred images.
Response Time 1ms MPRT: With 1ms MPRT, motion blur is eliminated and exceptionally crisp imagery is visible in the midst of chaotic combat.
320 Brightness: Remarkably vivid colors illuminate the screen like never before with 320 cd/m² brightness.
Blue Light Shift: Blue Light Shift reduces blue light, allowing you to comfortably work, watch, or play applications without straining your eyes."
images/71P0M7tKjYL._AC_SX679_.jpg,4.6,"$109
97","1800R curve monitor the curved display delivers a revolutionary visual experience with a leading 1800R screen curvature as the images appear to wrap around you for an in depth, immersive experience
Hdmi, VGA & PC audio in ports
High refresh rate 75Hz.Brightness (cd/m²):250 cd/m2
Vesa wall mount ready; Lamp Life: 30,000+ Hours
Windows 10 Sceptre Monitors are fully compatible with Windows 10, the most recent operating System available on PCs.Brightness: 220 cd/M2
Pixel Pitch: 0.27156mm (H) x 0.27156 mm (V)
75 hertz"
images/61DS+ZM0qGL._AC_SX466_.jpg,4.6,"$105
99","GREAT FOR HOME AND OFFICE: An ideal all-around 24 inch display for offices or remote work
SEE THE DIFFERENCE: Razor-sharp clarity and detail with Full HD (1920x1080p) resolution
LESS CABLE CLUTTER: In addition to fast data, audio and video transfer, USB Type-C also provides 15W charging over a single cable
NO IMAGE TEARING: AMD FreeSync technology enables smooth frame rates to aid you in battle
AMAZING AT ANY ANGLE: A slim bezel panel ensures stunning views no matter your vantage point
ENHANCED VIEWING COMFORT: Flicker-Free technology and Blue Light Filter for all-day comfort
FLEXIBLE CONNECTIVITY: The VA2447-MHU supports a variety of HD devices including gaming consoles, Blu-ray, laptops, PCs and digital cameras with HDMI and VGA inputs
INCLUDED IN THE BOX: LCD Monitor, Power Cable, HDMI Cable, and a Quick Start Guide"
images/915wJ4T2ksL._AC_SX679_.jpg,4.5,"$296
48","With four times the resolution of Full HD, enjoy breathtaking image clarity with this 4K UHD (3840x2160) monitor supporting HDR 10's industry standard for High Dynamic Range imaging
Versatile monitor delivers shorter response times and wider viewing angles with IPS (In-Plane Switching) technology. Color calibration and sRGB 95% coverage ensures highly accurate color
With supported video cards such as the AMD Radeon series, AMD FreeSync manages refresh rate, reducing screen tearing, flicker, and stuttering for an effortlessly smooth gaming experience
Protect your eyes and minimize eye fatigue during long work sessions with Reader Mode's blue light reduction and Flicker Safe, virtually eliminating onscreen flicker. Make adjustments via On-Screen control with a few clicks of your mouse*
Dynamic Action Sync helps reduce input lag to help you respond to on-screen action quickly. Black Stabilizer dynamically brightens dark scenes to help you find enemies in the dark"
images/61-foZT3rkL._AC_SX679_.jpg,4,"$1,499
99","QD-OLED & NEO QUANTUM PROCESSOR: With the advanced Neo Quantum Processor, every frame on the QD-OLED panel is instantly analyzed and optimized for maximum quality; Colors, shades and contrast unify to deliver a bright and brilliant picture at all times
DisplayHDR True Black 400: Uncover every secret with infinite expression; See true black and dark colors on screen without pixel light bleed for supreme color and depth expression in every game
ULTRA WQHD: The Ultra-WQHD display with a 21:9 ratio surrounds your peripherals to give you more field of vision in combat, races and more; With a wider field of view, attack before your opponent can react
0.03MS RESPONSE TIME & 175HZ REFRESH RATE: Dodge, counter and engage faster than the rest; QD-OLED technology creates near-instant reaction time with the blistering 0.03ms response time and 175Hz refresh rate; Milliseconds count when you face the best
AMD FREESYNC PREMIUM PRO: Hyper action made seamless; Fast-action and complex game scenes are projected stably and stutter-free with AMD FreeSync Premium Pro to power your competitive edge
SAMSUNG GAMING HUB: Gaming Hub* allows instant access to top streaming services and your favorite consoles; Smooth visuals and responsive gameplay are powered by Samsung’s advanced game streaming technology without downloads – just turn on and play
GAME BAR: Check and control game settings in an instant and view the status of important settings such as FPS or HDR; Modify response time, screen ratio and game picture mode all on one in-game screen for uninterrupted, more optimal gameplay*"
images/91fTDjI24bL._AC_SX466_.jpg,4.4,"$1,159
00","27 Inch 5K (5120 x 2880) IPS Display
DCI-P3 99% Color Gamut / 500nits Brightness
Thunderbolt 3 Port with up to 94W PD
3 USB Type C Ports
Mac OS Compatibility"
images/81yGt-oGTPL._AC_SX679_.jpg,4.3,"$835
79","16:9 widescreen resolution perfect for watching movies, playing video games and getting on with office work
4K UHD 4K UHD offers ample amount of desktop space with more than 8 million pixels
Enjoy crisp content and energetic hues with the 400 Nit brightness
HDMI interface allows you to connect to a variety of HD devices including gaming consoles, Blu-ray players, laptop PCs, digital cameras and many others for the ultimate true high-definition display
5 ms GTG (Fast) response time makes it excellent for latest action films, sports or gaming
VESA mount compatibility allows you to mount the display on a wall or with a stand depending on your specific needs"
images/61SxddIxYBL._AC_SX679_.jpg,4.4,"$244
20","IPS Panel: The IPS (In-Plane Switching) panel cannot be beat when it comes to consistently delivering top color performance & sharp visibility from multiple viewing angles.
up to 165Hz Refresh Rate: Stay above the pack with 165Hz, giving you an edge in performance as frames transition instantly.
AMD FreeSync Premium: With AMD FreeSync Premium, gamers enjoy smooth video & seamless on the spot movement in fast-paced games.The graphic card and monitor refresh rates are synchronized to eliminate tearing and stuttering.
up to 300 Lux Brightness: Detect impressively subtle & robust color variations with 300 cd/m² brightness.
99% sRGB: With 99% sRGB, this monitor offers a wider color gamut than most conventional monitors, giving deeper colors and defining features."
images/71mrbuuimhL._AC_SX679_.jpg,4.6,"$129
99","27"" Full HD (1920 x 1080) 1500R Curved Widescreen VA ZeroFrame Display
AMD FreeSync Premium Technology
Refresh Rate: 165Hz | Response Time: 1ms (TVR) | HDR Ready
Display Stand: Ergonomic Tilt: -5° to 20°
Ports: 1 x Display Port 1.4, 2 x HDMI 2.0 & 1 x Audio-Out (Display Port and HDMI Cable Included)
Mounting type: Wall Mount"
images/613QjYRkKqL._AC_SX679_.jpg,4.5,"$149
97","IPS Panel: The IPS (In-Plane Switching) panel cannot be beat when it comes to consistently delivering top color performance and sharp visibility from multiple viewing angles.
165Hz Refresh Rate: Pushing beyond the standard refresh rate, 165Hz gives gamers an edge in visibility as frames transition instantly, leaving behind no blurred images.
Response Time 1ms MPRT: With 1ms MPRT, motion blur is eliminated and exceptionally crisp imagery is visible in the midst of chaotic combat.
320 Brightness: Remarkably vivid colors illuminate the screen like never before with 320 cd/m² brightness.
Blue Light Shift: Blue Light Shift reduces blue light, allowing you to comfortably work, watch, or play applications without straining your eyes."
images/71gJ6MZuZDS._AC_SX679_.jpg,4.7,"$159
00","27-inch Full HD (1920 x 1080) LED backlight display with IPS 178° wide viewing angle panel
Up to 75Hz refresh rate with Adaptive-Sync/FreeSync technology to eliminate tracing and ensure crisp and clear video playback
Extensive connectivity including HDMI, DisplayPort, D-sub and plus 2W x 2 stereo speakers
ASUS Eye Care monitors feature TÜV Rheinland-certified Flicker-free and Low Blue Light technologies to ensure a comfortable viewing experience
Supports both Adaptive-Sync with NVIDIA GeForce* graphics cards and FreeSync with AMD Radeon graphics cards *Compatible with NVIDIA GeForce GTX 10 series, GTX 16 series, RTX 20 series and newer graphics cards"
images/81FkwHOydML._AC_SX679_.jpg,4.6,"$79
99",Mounting Type:Wall Mountable 75 x 75 mm
images/61JyG9m59UL._AC_SX679_.jpg,4.5,"$296
99","Designed for gaming, this monitor with a 1-millisecond (GtG) response time delivers all of the benefits of IPS (In-Plane Switching), delivering responsive, crisp visuals with sharp clarity to immerse you in gameplay
Color accuracy with sRGB 99% and wide viewing angles (up to 178° horizontal / 178° vertical) from IPS reproduce colors with high fidelity to being vivid scenes to life
A high native 144Hz refresh rate with 1-millisecond Motion Blur Reduction keeps you firmly in the action while reducing blur and ghosting, rendering screen objects more clearly
With compatible video cards, NVIDIA G-SYNC and AMD FreeSync Premium virtually eliminate screen tearing and minimize stutter in high-resolution and fast-paced games for a fast and fluid gaming experience
Dynamic Action Sync helps reduce input lag to help you respond to on-screen action quickly. Black Stabilizer dynamically brightens dark scenes to help you find enemies in the dark. Enhance your accuracy in firefights with the Crosshair feature"
images/61JAGaY4WcL._AC_SX679_.jpg,4.6,"$134
97","Wide Viewing Angles: Wide viewing angles keep all the action sharply in sight from almost any viewing position while gaming on large monitors or dual-display setup.
Fast Response Time: Playing fast action games and watching action adventure movies always require fast and accurate pixel response from an LED. With quick response times, ghosting and blurring are reduced so the user can enjoy the display with clarity and precision.
Multiple Ports: Two HDMI ports and one VGA port provide up to 75HZ refresh rate, refining picture clarity in all action-packed gaming sequences and graphic design projects. Audio In and a Headphone Jack provide diverse audio options.
Edgeless Design: Edgeless Design completely immerses you in all the captivating action and wondrous scenery that 1080P resolution and 75Hz refresh rate have to offer.
99% sRGB Color Gamut: With 99% sRGB, our display reveals an astonishing brightness and variance in red, green, and blue color across a wide gamut, providing a more defined and naturalistic display of color in every image.
Blue Light Shift: Reduce your monitors blue light to protect you from eye fatigue, irritation and strains. This enables you to work on your documents, watch movies, or play games more comfortably for extended periods.
Anti-Flicker: Provides a crisper picture by preventing the backlight from flickering periodically."
images/61pI7loWpZS._AC_SX679_.jpg,4.6,"$349
99","With four times the resolution of Full HD, enjoy breathtaking image clarity with this 4K UHD (3840x2160) monitor supporting HDR 10's industry standard for High Dynamic Range imaging
Versatile monitor delivers shorter response times and wider viewing angles with IPS (In-Plane Switching) technology. Color calibration and sRGB 98% coverage ensures highly accurate color
With supported video cards such as the AMD Radeon series, AMD FreeSync manages refresh rate, reducing screen tearing, flicker, and stuttering for an effortlessly smooth gaming experience
HDCP 2.2 support ensures that you can view 4K high-resolution content from streaming services, video game consoles, and Ultra HD Blu-ray disc players
Customized game modes optimize your gaming conditions with two first-person-shooter (FPS) modes and a real-time strategy (RTS) mode as well. Make screen adjustments with a few clicks of your mouse with On-Screen Control*"
images/71-4ZeUWzqL._AC_SX679_.jpg,4.6,"$164
97","1500R Curved Display: The 1500R degree curved design immerses you completely into the gaming landscape, allowing you to spot all threats and opportunities before all of your competitors.
98% sRGB: With 98% sRGB, this monitor offers a wider color gamut than most conventional monitors, giving deeper colors and defining features.
Multiple Ports: Two HDMI and one VGA port each accelerate refresh rate up to 75Hz, providing the visual edge you need to defeat the competition during all of your gaming exploits.
Adaptive Sync: Adaptive Sync is a technology that closes the gap between the graphics card's and the monitor's refresh rates, eliminating image tearing and stuttering in the process.
Built-in Speakers: Perfectly suited to work & gaming settings, built-in speakers deliver robust & smooth audio while saving space on your desk.
Blue Light Shift: Blue Light Shift reduces blue light, allowing you to comfortably work, watch, or play applications without straining your eyes.
Tiltable Display: A display that tilts 15° backward and 5° forward allows you to find a sweet spot that bridges clarity and comfort."
images/711U7Cqp-LL._AC_SX679_.jpg,4.4,"$98
39","【 FHD 1800R Curved Monitor 】- KOORUI curved monitor using a 23.6'' VA screen, delivers 1920 x 1080 at 60Hz breathtaking viewing quality. The 1800R degree curved design immerses you completely into the working landscape, screen curvature as the images appear to wrap around you for an in depth, immersive experience.
【 Wide Compatibility 】- KOORUI 24 inch curved computer monitor equipped with 1 HDMI ports and VGA port, easy access to your favorite devices with 1 cable solution, compatible with most laptop and PC.
【 Panoramic Viewing 】- With 3-sided micro-edge bezel display and an ultra-wide 178° , vibrant detail from practically any position with consistent color and image clarity maintained across horizontal and vertical viewing angles. It covers 99% of the RGB color gamut and 16.7 million color depths for improved fidelity and detailed color display, provide you the clearer, smooth, excellent performance in gaming/multimedia.
【 Adjustable Tilt Angel 】- This curved gaming monitor is ability to tilt 15 degrees backward and 5 degrees forward, the added tilt feature will provide multiple options for finding the optimum angle to view the screen so that work and browsing can be performed with ease.
【 Easy on Your Eyes 】- The 24 inch pc monitors can effectively reduce blue light radiation damage, no flickering, eye-care, and make it easier to watch for a long time."
images/71hrBloottS._AC_SX679_.jpg,4.4,,"Built-in Speakers: Perfectly suited to work & gaming settings, built-in speakers deliver robust & smooth audio while saving space on your desk.
99% sRGB Color Gamut: With 99% sRGB, this monitor offers a wider color gamut than most conventional monitors, giving deeper colors and defining features.
IPS Panel: The IPS (In-Plane Switching) panel cannot be beat when it comes to consistently delivering top color performance & sharp visibility from multiple viewing angles.
up to 75Hz Refresh Rate: With 75Hz refresh rate, images change faster and smoother than the standard, reducing screen tearing
Multiple Ports: Two HDMI ports and one DisplayPort provide up to 75HZ refresh rate, refining picture clarity in all action-packed gaming sequences and graphic design projects. Audio In and a Headphone Jack provide diverse audio options.
Edgeless Design: Edgeless Design completely immerses you in all the captivating action and wondrous scenery that 1440P resolution and 75Hz refresh rate have to offer.
Blue Light Shift: Reduce your monitors blue light to protect you from eye fatigue, irritation and strains. This enables you to work on your documents, watch movies, or play games more comfortably for extended periods.
FPS-RTS Game Modes: FPS and RTS are Sceptre's custom set display settings built for an enhanced gaming experience. FPS (First Person Shooter), RTS (Real-Time Strategy)."
images/71TOE0w7DzL._AC_SY300_SX300_.jpg,4.3,"$96
18","SHARE THE PANORAMIC VIEW : The 23.8 inch monitor adopts a new generation of VA screen, covering 99% of the SRGB color gamut and 8bit gray level over 16.7M color numbers. Thus the business monitor can 100% restore true colors and present vivid details. Besides, the 178° wide viewing angle of this VA monitor allows you to enjoy a clear, sharp, and delicate images at any angle.
EXTREMELY VIEWING COMFORT: Find your best viewing position and stay comfortable by tilting the screen up to 5 degrees forward or 15 degrees backward. Flicker-Free technology, Blue Light Filter, you can enjoy ultra-smooth gameplay or working for all-day without any eyes uncomfort.
ULTRA SLIM DESIGN: The KOORUI 23.8 inch Business Computer Monitor adopts edgeless design to make the picture more complete when multiple monitors connect. A great choice of business display for desktop, or laptop at home.
MULTIPLE PORTS: KOORUI monitors provide video interfaces via HDMI and VGA ports. This HDMI monitor is with 60Hz refresh rate (compatible with most normal graphics cards) and FHD 1920x1080p resolution. You can connect the edge-less monitor to Xbox, PC and laptops etc, transmitting high-quality images, any switch between office and entertainment.
RELIABLE MONITOR: KOORUI owns super strength from monitor quality to premium service, making you assured. With a 3-year warranty, a 12-month replacement service and calling technical support. If you find any damage, malfunction or missing accessories, please feel free to contact us."
images/715l3fbdksL._AC_SX679_.jpg,4.6,"$379
00","32-inch QHD (2560x1440) gaming monitor with ultrafast 170Hz refresh rate designed for professional gamers and immersive gameplay
ASUS Extreme Low Motion Blur Sync (ELMB SYNC) technology enables ELMB together with G-SYNC Compatible, eliminating ghosting and tearing for sharp gaming visuals with high frame rates
Freesync Premium technology, delivering a seamless, tear-free gaming experience by enabling VRR (variable refresh rate) by default
High Dynamic Range (HDR) technology with professional color gamut delivers contrast and color performance that meets the DisplayHDR 400 certification
Supports both Adaptive-Sync with NVIDIA GeForce graphics cards and FreeSync with AMD Radeon graphics cards Compatible with NVIDIA GeForce GTX 10 series, GTX 16 series, RTX 20 series and newer graphics cards
Free 3-month Adobe Creative Cloud Subscription: Receive complimentary access with the purchase of this product (offer valid from 9/15/2021 to 8/31/2023)"
images/71MXh2CfxNL._AC_SX679_.jpg,4,"$103
29","IMMERSIVE VIEWING EXPERIENCE: The monitor 24 inch adopts a advanced VA panel technology minimizes light leakage across the entire screen and corners to deliver deeper, more uniform blacks. The excellent 3000:1 contrast ratio delivers deep blacks and bright whites, so you can see clearly in the darkest or brightest scenes.
ULTRA SLIM DESIGN: The KOORUI computer monitor 24 inch with edgeless design to make the picture more complete when multiple monitors connect. A great choice of business display for desktop, or laptop at home.
OPTIMAL COMFORT: Find your best viewing position and stay comfortable by tilting the screen up to 5 degrees forward or 15 degrees backward. 24"" monitor with Blue Light Filter, Adaptive FreeSync technology so you can enjoy ultra-smooth gameplay or working for all-day without any eyes uncomfor
MULTIPLE PORTS: KOORUI monitors provide video interfaces via HDMI and VGA ports. This HDMI monitor is with 60Hz refresh rate (compatible with most normal graphics cards) and FHD 1920x1080p resolution.
KOORUI SERVICES: We owns super strength from monitor quality to premium service, making you assured. With a 3-year warranty, a 12-month replacement service and 24h support. If you find any damage, malfunction or missing accessories, please feel free to contact us."
images/81k4UAfJ1OL._AC_SX679_.jpg,4.6,"$99
99","AOC 24 Inch (23. 8"" Viewable) Full HD 1920x1080 LED-lit monitor
Streamlined design: 3-sided frameless design with ultra-slim profile for a clean and streamlined look
Game ready: With 75Hz refresh rate (via HDMI 1.4), fast-moving action and dramatic transitions will be rendered smoothly without the effects of ghosting.
Vivid imagery: IPS panel for wide viewing angles and vivid colors with 101%sRGB color gamut coverage
Compatible with most outputs: HDMI x1 (HDMI cable included) and VGA x1 inputs allow for easy connection to most computers. 3. 5mm audio-out port built-in for easy connection to your speakers or headphones"
images/81TmGVIFmDL._AC_SX679_.jpg,4.2,"$179
99","15 6-inch Full HD (1920x1080) portable anti-glare IPS display with an ultra-slim and thin design for on-the-go client meetings
Hybrid-signal solution supports power and video transmission and enables compatibility with any laptop with a USB Type-C or Type A port
Auto-rotation Display allows your screen to automatically senses its orientation and switch the monitor between landscape and portrait modes
Foldable lite smart case can be turned into a stand to prop the monitor up in either portrait or landscape mode
ASUS Eye Care Technology features TÜV Rheinland-certified Flicker-free and Low Blue Light technologies to ensure a comfortable viewing experience"
images/61v+Nizxe3L._AC_SX679_.jpg,4.5,"$279
99","Package Dimensions: 7.48 Lx 24.01 Hx 21.03 W (inches)
Package Weight: 20.52 pounds
Country of Origin : China"
images/61gNeP9G2HL._AC_SX679_.jpg,4.5,"$77
97","IPS Panel: The IPS (In-Plane Switching) panel cannot be beat when it comes to consistently delivering top color performance and sharp visibility from multiple viewing angles.
75Hz Refresh Rate: With 75Hz refresh rate, images change faster and smoother than the standard, reducing screen tearing.
up to 320 Brightness: Remarkably vivid colors illuminate the screen like never before with 320 cd/m² brightness.
Built-in Speakers: Perfectly suited to work & gaming settings, built-in speakers deliver robust & smooth audio while saving space on your desk.
Blue Light Shift: Blue Light Shift reduces blue light, allowing you to comfortably work, watch, or play applications without straining your eyes."
images/71bTJy2YdrL._AC_SX679_.jpg,4.4,"$299
99","27"" 2560x1440 SS IPS Display
Viewing Angle is 178º (H) / 178º (V)
170Hz Refresh Rate, 0.5ms (MPRT) Response Time
Smooth Gameplay with AMD FreeSync Premium
Studio Grade VESA Display HDR400 and 92% DCI-P3 (140% sRGB) Color Gamut. Tilt(angle) : minus-5° - plus-20°
Control multiple devices with KVM.GIGABYTE Classic Tactical Features with OSD Sidekick. GIGABYTE Auto-Update. Ergonomic Design with Tilt and Height Adjustments. Low Blue Light & Flicker-Free. VESA Wall Mount Compatible 100x100mm"
images/81j9OvhbxbL._AC_SX679_.jpg,4.6,"$196
99","At 29 inches and 21:9 screen ratio (2560x1080), this wide Full HD IPS Display features realistic, accurate color and enhanced contrast, clarity and detail at wide angles
1-millisecond Motion Blur Reduction (MBR) displays fluid motion with less lag, perfect for fast-paced video and games
Protect your eyes and minimize eye fatigue during long work sessions with Reader Mode's blue light reduction and Flicker Safe, virtually eliminating onscreen flicker. OnScreen control allows you to make display adjustments using your mouse*
AMD FreeSync manages refresh rate, reducing screen tearing, flicker, and stuttering for an effortlessly smooth gaming experience with supported video cards such as the AMD Radeon series
Dynamic Action Sync helps reduce input lag to help you respond to on-screen action quickly. Black Stabilizer dynamically brightens dark scenes to help you find enemies in the dark. Enhance your accuracy in firefights with the Crosshair feature"
images/81kDQgTJaJL._AC_SX679_.jpg,4.3,"$219
00","15.6” FHD IPS USB Type-C portable monitor with hybrid signal solution for compatibility with USB Type-C and Type-A sources (Note: DisplayLink driver needed for Type-A connection)
Ultra-portable award-winning design at 1.7 pounds and 0.3 inches slim to pair perfectly with ASUS laptops. Product Dimensions- 8.9 x 0.3 x 14.2 inches. Brightness(Max)- 220 cd/㎡
Smart cover and smart pen hole allow for landscape and portrait orientations easily with auto rotation. Auto rotate requires the windows os and displaywidget to be installed. Compatible with thunderbolt 3
ASUS Eye Care technology with TUV Rheinland-certified flicker-free backlighting and blue light filter minimizes eye fatigue
Easily toggle through advanced display settings with the intuitive ASUS DisplayWidget. Compliance and Standards- Energy Star, BSMI, CB, CCC, CE, FCC, KCC, RoHS, UkrSEPRO, UL/cUL, VCCI, WEEE, WHQL (Windows 10, Windows 8.1, Windows 7), RCM, TUV Flicker-free , TUV Low Blue Light, CU(EAC)
60 hertz"
images/71YBUXAoOgL._AC_SX679_.jpg,4.6,"$99
00","23.8-inch Full HD (1920x1080) frameless design with 178° wide viewing angle panel
Up to 75Hz refresh rate with Adaptive-Sync/FreeSync technology to eliminate tracing and ensure crisp and clear video playback
ASUS-exclusive GamePlus for better gaming experience
VESA wall-mountable to save on desktop space
ASUS Eye Care Plus technology features TÜV Rheinland-certified Flicker-free and Low Blue Light technologies to ensure a comfortable viewing experience, Color Augmentation for better color differentiation, and Rest Reminder to prevent eye fatigue caused by long screen viewing time"
images/719Y0U-F42L._AC_SX679_.jpg,4.7,"$108
10","23.8 inches Full HD (1920x1080) IPS monitor with 75Hz refresh rate and 5ms (GTG) response time Features adaptive Sync to eliminate screen tearing and choppy frame rates
Frame less design gives an almost-seamless multi-display setup view and 178 degree wide viewing angle panel paired with an ergonomic tilt provides great immersion and better viewing
Asus Eye Care technology features flicker-free and blue light filter technologies to minimize eye fatigue
Connectivity featuring HDMI, D-Sub, and DVI-D ports as well as VESA mount
Exclusive Asus game plus crosshair and timer for a better gaming experience"
images/71pT6MAfXmS._AC_SX679_.jpg,4.3,"$646
99","27” UHD (3840 x 2160) Nano IPS Display
Brightness (typ.) is 350 cd/m2
IPS 1ms (GtG) 144Hz with VESA DSC Technology (O.C 160Hz)
UHD 4K & VRR up to 120Hz with HDMI 2.1
NVIDIA G-SYNC Compatible with AMD FreeSync Premium Pro
DCI-P3 98% with VESA DisplayHDR 600
4-Side Virtually Borderless Display"
images/81jk5RNZwlL._AC_SX679_.jpg,4.6,"$199
00","Professional artist monitor: 24.1-inch 16:10 WUXGA (1920 x 1200) IPS display with frameless design
Industry-standard color space coverage: 100% sRGB and 100% Rec. 709 color gamut with a brightness of 300 cd/m² (max) and a response time of 5 ms (gray to gray)
Accurate image reproduction: Calman Verified and factory pre-calibrated for impeccable color accuracy
Personalized editing: ASUS exclusive ProArt Preset and ProArt Palette provide several adjustable color parameters and preset modes
Extensive connectivity: DisplayPort, HDMI, D-sub, Audio in, Earphone jack, and four USB 3.0 ports for ideal flexibility
Protect your eyes: Asus Eye Care Technology protects you from blue-light emissions that may be harmful to your vision and cause unwanted eye strain"
images/91I8pdfn1KS._AC_SX679_.jpg,4.5,"$79
99","22” Full HD (1920 x 1080) VA Display
AMD FreeSync
OnScreen Control
Reader Mode
Wall Mountable"
images/613QjYRkKqL._AC_SX679_.jpg,4.5,"$149
97","IPS Panel: The IPS (In-Plane Switching) panel cannot be beat when it comes to consistently delivering top color performance and sharp visibility from multiple viewing angles.
165Hz Refresh Rate: Pushing beyond the standard refresh rate, 165Hz gives gamers an edge in visibility as frames transition instantly, leaving behind no blurred images.
Response Time 1ms MPRT: With 1ms MPRT, motion blur is eliminated and exceptionally crisp imagery is visible in the midst of chaotic combat.
320 Brightness: Remarkably vivid colors illuminate the screen like never before with 320 cd/m² brightness.
Blue Light Shift: Blue Light Shift reduces blue light, allowing you to comfortably work, watch, or play applications without straining your eyes."
images/71P0M7tKjYL._AC_SX300_SY300_.jpg,4.6,"$109
97","1800R curve monitor the curved display delivers a revolutionary visual experience with a leading 1800R screen curvature as the images appear to wrap around you for an in depth, immersive experience
Hdmi, VGA & PC audio in ports
High refresh rate 75Hz.Brightness (cd/m²):250 cd/m2
Vesa wall mount ready; Lamp Life: 30,000+ Hours
Windows 10 Sceptre Monitors are fully compatible with Windows 10, the most recent operating System available on PCs.Brightness: 220 cd/M2
Pixel Pitch: 0.27156mm (H) x 0.27156 mm (V)
75 hertz"
images/61DS+ZM0qGL._AC_SX466_.jpg,4.6,"$105
99","GREAT FOR HOME AND OFFICE: An ideal all-around 24 inch display for offices or remote work
SEE THE DIFFERENCE: Razor-sharp clarity and detail with Full HD (1920x1080p) resolution
LESS CABLE CLUTTER: In addition to fast data, audio and video transfer, USB Type-C also provides 15W charging over a single cable
NO IMAGE TEARING: AMD FreeSync technology enables smooth frame rates to aid you in battle
AMAZING AT ANY ANGLE: A slim bezel panel ensures stunning views no matter your vantage point
ENHANCED VIEWING COMFORT: Flicker-Free technology and Blue Light Filter for all-day comfort
FLEXIBLE CONNECTIVITY: The VA2447-MHU supports a variety of HD devices including gaming consoles, Blu-ray, laptops, PCs and digital cameras with HDMI and VGA inputs
INCLUDED IN THE BOX: LCD Monitor, Power Cable, HDMI Cable, and a Quick Start Guide"
images/71LYUmeO7LL._AC_SX679_.jpg,4.3,"$269
99","16:9 widescreen resolution perfect for watching movies, playing video games and getting on with office work
14"" screen size with 1920x1080 resolution provides a native display of a Full HD video sources without any degradation due to down-sampling technologies
300 Nit brightness gives an exceptional visible display for clear and consistent on-screen pictures
Minimize blurring and smearing during motion and gaming sequences with a 6 ms response time to provide a clear picture"
images/61SRzxdfzIL._AC_SX679_.jpg,4.6,"$229
97","FAST IPS TECHNOLOGY: Fast In-Plane Switching technology maintains image at incredible speed with a 1ms GTG response time that eliminates motion blur ensuring smooth gameplay
RAPID RESPONSE: This gaming monitor offers an impressive 165Hz refresh rate alongside the 1ms Gray-to-Gray response time allows for faster reactions to in-game situations
STUNNING COLOR ACCURACY: View rich, consistent colors with image clarity from every angle and a 99% sRGB color gamut delivered across a wide viewing angle on this Full HD 1080p monitor
OPTIMIZED COMFORT: A flicker-free screen with TUV certified ComfortView Plus reduces exposure to harmful blue light and prevents eye discomfort without color degradation for long hours of gameplay
DELL SERVICES: 3 Year Advanced Exchange Service and Premium Panel Exchange. Find one “bright pixel” and Dell will provide you a free monitor exchange during the limited hardware warranty period"
images/81xHZ+l0QYL._AC_SX679_.jpg,4.6,"$299
00","27 inch WQHD (2560 x 1440) IPS gaming monitor with ultrafast 170Hz refresh rate designed for professional gamers and immersive gameplay
ASUS Extreme Low Motion Blur (ELMB) technology eliminates ghosting and tearing for sharp gaming visuals with high frame rates.
G-SYNC Compatible, delivers a seamless, tear-free gaming experience by enabling VRR (variable refresh rate) by default
ASUS Eye Care technology features TÜV Rheinland-certified Flicker-free and Low Blue Light technologies for less eye fatigue and ensure a comfortable viewing experience with its ergonomic tilt and swivel stand
Robust Connectivity with HDMI (v2.0) x2, DisplayPort 1.2 ports
Shadow Boost enhances image details in dark areas, brightening scenes without over-exposing bright areas
Supports both Adaptive-Sync with NVIDIA GeForce* graphics cards and FreeSync with AMD Radeon graphics cards *Compatible with NVIDIA GeForce GTX 10 series, GTX 16 series, RTX 20 series and newer graphics cards"
images/81lqFW9rixL._AC_SX679_.jpg,4.6,"$144
97","MORE SCREEN SPACE: Slim bezels mean fewer distractions and an improved viewable screen-to-body ratio.
STURDY AND COMPACT: Free up your workspace and regain your desk real estate with this small-footprint monitor, featuring a 23% smaller stand. A built-in power supply unit and cable holder help to further reduce clutter.
ADJUSTABLE TO YOUR LIKING: Easily tilt the monitor to get just the right viewing angle or hook it up with a compatible VESA mount.
INCREASE VIEWING COMFORT: Minimize harmful blue light emissions to help reduce eye fatigue with Dell’s TUVcertified ComfortView feature.
EASE EYE FATIGUE: Optimize eye comfort and minimize distractions thanks to a flicker-free, anti-glare screen."
images/91lQg60PetL._AC_SX679_.jpg,4.6,"$149
99","24"" class (23.8"" Viewable) AOC Gaming monitor with 1920x1080 Full HD Resolution VA Panel
Rapid 1ms response time (MPRT) and 144Hz refresh rate with AMD FreeSync Premium for ultra-smooth competitive gameplay
3-sided frameless design with ultra-narrow borders for the ultimate seamless multi-monitor setup
RE-SPAWNED: 3-year zero-bright-dot, 3-year advance replacement, 1-year (one-time) accidental damage
125.95% sRGB & 92.85% DCI-P3 color gamut coverage for accurate color reproduction and lifelike images"
images/71fthNcHgJL._AC_SX679_.jpg,4.6,"$249
00","28-inch 4K (3840x2160) IPS DCI-P3 grade gaming monitor for stunning crisp and detailed visuals
Compatible with industry-standard HDR10 high dynamic range for color and brightness levels that exceed the capabilities of ordinary monitors
FreeSync technology to eliminate screen tearing and choppy frame rates
Shadow Boost enhances image details in dark areas, brightening scenes without over-exposing bright areas
Rich Connectivity with HDMI (v2.0) x2 and DisplayPort 1.2 ports
Supports both Adaptive-Sync with NVIDIA GeForce* graphics cards and FreeSync with AMD Radeon graphics cards *Compatible with NVIDIA GeForce GTX 10 series, GTX 16 series, RTX 20 series and newer graphics cards
What's in the box: DisplayPort cable, Power cord, Warranty card, Quick Start guide"
images/719fDmliKCL._AC_SX679_.jpg,4.5,"$219
00","21.5” Full HD with 10-point multi-touch capacity, suitable for any application that involves virtual keyboard or multi-touch
Stunningly wide 178° viewing angles and vivid, colorful displays with IPS panel
Frameless design makes it perfect for almost-seamless multi-display setups
ASUS Eye Care technology with flicker-free backlighting and blue light filter to minimize eye fatigue
Flexible connectivity with HDMI and VGA"
images/91njuONYgzS._AC_SX679_.jpg,4.5,"$164
99","Full HD monitor with 1920x1080 resolution; ideal for webinars, meetings, digital work, gaming, entertainment, and more
Includes a 27-inch flat panel monitor, an adjustable stand, a power cord, an HDMI cable, and a user manual
Input and output: (1) VGA, (1) DP 1.2, (2) USB-A, (1) USB-B, (1) HDMI 1.4 (HDCP compliant), and (1) audio 3.5 jack in/out
In-Plane Switching (IPS) panel technology delivers rich color production that can be viewed accurately from all angles
Stand tilts -5 to 20 degrees, offering an adjustable viewing angle
Energy Star certified; meets stringent energy efficiency requirements to reduce power consumption
Wall mountable; VESA compatible with 100x100mm hole pattern"
images/61-ZRh8kePL._AC_SX679_.jpg,4.5,"$89
00","21. 5” Full HD (1920x1080) with 1ms response time for crisp visuals featuring HDMI and VGA connectivity
Asus Eye Care technology lowers Blue light and eliminates flickering to reduce eyestrain and ailments
Built in 1. 5W stereo speakers allow for full sound without external speakers
Exclusive game plus adds in-game viewing for adding a crosshair, timer, FPS, counter and display alignment
Asus Rapid replacement 3 Years Service with free cross shipping"
